{"formatVersion":1,"storeCard":{"auxiliaryFields":[{"key":"expiry","label":"Expires","value":"12/2026"}],"backFields":[{"key":"benefits","label":"Benefits","value":"VIP Access\nMerchant Allowance\nEvent Discounts"}],"primaryFields":[{"key":"balance","label":"Balance","value":"$1000.00","currencyCode":"USD"}],"secondaryFields":[{"key":"membership","label":"Membership","value":"GOLD"},{"key":"cardType","label":"Card Type","value":"VISA"}]},"passTypeIdentifier":"pass.com.wavex.nft","teamIdentifier":"JHQFQ72XMR","organizationName":"WaveX","backgroundColor":"rgb(48, 48, 48)","foregroundColor":"rgb(255, 255, 255)","labelColor":"rgb(255, 255, 255)","logoText":"WaveX","serialNumber":"WAVEX-001","description":"WaveX Membership Card"}